QT_MAT_BAS,QT_MAT_INF,QT_MAT_INF_CRE,QT_MAT_INF_PRE,QT_MAT_FUND,QT_MAT_MED,QT_MAT_PROF,QT_MAT_INF_INT,QT_MAT_INF_CRE_INT,QT_MAT_INF_PRE_INT,QT_MAT_FUND_INT,QT_MAT_MED_INT,Indice_infra,ano
4795.0,803.0,0.0,803.0,3172.0,284.0,0.0,0.0,0.0,0.0,0.0,0.0,0.43585866874434487,2010
4292.75,625.4375,140.75,484.6875,2723.5,554.375,46.125,41.6875,34.5625,7.125,3.9375,0.0,0.2697767033619358,2010
6411.125,716.0625,157.125,558.9375,4018.8125,895.75,129.375,135.25,110.8125,24.4375,9.0625,6.875,0.3309402057081952,2010
8928.375,992.25,162.5,829.75,5869.8125,1168.0625,163.25,92.0625,76.625,15.4375,40.625,23.9375,0.4042299263755328,2010
4494.0,599.0,0.0,599.0,3053.0,259.0,0.0,0.0,0.0,0.0,0.0,0.0,0.3615570616261178,2011
4141.125,600.625,141.1875,459.4375,2632.4375,520.6875,12.25,34.125,28.375,5.75,119.75,4.1875,0.22469564075266513,2011
6336.125,701.25,197.125,504.125,3866.5,898.375,181.6875,141.75,116.8125,24.9375,15.9375,7.375,0.2897854226827032,2011
8626.3125,991.375,163.625,827.75,5617.125,1143.4375,115.125,95.0,76.125,18.875,170.375,0.4375,0.3378769505795831,2011
4285.0,603.0,52.0,551.0,2914.0,282.0,0.0,0.0,0.0,0.0,56.0,0.0,0.34609890430747825,2012
4019.625,582.375,143.0625,439.3125,2533.1875,531.0625,38.375,33.25,26.0625,7.1875,161.6875,4.875,0.24544790082434986,2012
5991.5,702.875,184.375,518.5,3639.0,897.75,208.5,140.0,118.0625,21.9375,420.75,4.6875,0.32999704295148746,2012
8416.0,994.25,196.9375,797.3125,5432.875,1136.3125,116.9375,115.3125,97.375,17.9375,288.0,0.75,0.36261575178367234,2012
5360.0,882.0,345.0,537.0,3106.0,300.0,0.0,0.0,0.0,0.0,2062.0,0.0,0.3433661619529518,2013
3852.1875,571.8125,143.0,428.8125,2427.1875,520.8125,16.25,43.0625,32.0,11.0625,186.875,1.9375,0.25472236193387254,2013
5818.5625,730.3125,191.125,539.1875,3505.0625,876.125,195.8125,141.0625,117.125,23.9375,416.4375,17.5625,0.3020687520175448,2013
8116.8125,1001.375,215.5,785.875,5211.3125,1143.875,90.3125,109.375,89.75,19.625,963.875,0.625,0.3867101217566452,2013
4857.0,931.0,428.0,503.0,3029.0,278.0,0.0,1.0,0.0,1.0,2240.0,0.0,0.34895510872152163,2014
3684.25,547.25,150.375,396.875,2315.5,506.125,13.0625,37.125,27.5625,9.5625,350.125,25.8125,0.2614750834070674,2014
5674.4375,729.0625,212.0625,517.0,3423.625,860.75,183.8125,212.0,129.4375,82.5625,1121.0,44.0,0.3364364971401849,2014
7911.5,978.5625,214.5625,764.0,5096.3125,1150.9375,73.625,102.75,83.0,19.75,1191.375,1.5,0.4043649627617332,2014
4689.0,961.0,459.0,502.0,2736.0,280.0,0.0,0.0,0.0,0.0,2048.0,28.0,0.34523753376949107,2015
3609.5625,563.6875,168.8125,394.875,2248.0,484.9375,23.75,43.0,32.0,11.0,585.5,19.0625,0.26995231121867447,2015
5610.3125,745.75,249.8125,495.9375,3314.625,869.9375,174.6875,214.25,133.8125,80.4375,1119.125,36.0625,0.3535603900230608,2015
7730.3125,1008.25,288.5,719.75,4903.3125,1159.875,94.875,127.5,98.3125,29.1875,974.6875,2.875,0.4085947949790091,2015
4462.0,961.0,470.0,491.0,2617.0,292.0,0.0,0.0,0.0,0.0,41.0,0.0,0.3521046532959889,2016
3616.3125,563.125,167.4375,395.6875,2173.5,517.625,26.0,43.375,34.5,8.875,173.0625,38.25,0.27838110514357195,2016
5471.625,745.375,246.25,499.125,3203.5,892.5,178.75,189.875,140.125,49.75,249.125,48.875,0.3396523029325266,2016
7554.1875,1035.9375,291.8125,744.125,4693.625,1165.1875,105.875,141.25,109.5625,31.6875,382.5625,0.0625,0.4299822163953068,2016
4445.0,937.0,466.0,471.0,2643.0,301.0,0.0,99.0,99.0,0.0,0.0,0.0,0.3412904583292578,2017
3898.75,667.25,276.125,391.125,2142.4375,497.3125,0.0,52.125,38.75,13.375,426.25,36.375,0.2730095510661756,2017
5487.375,800.6875,302.1875,498.5,3077.6875,934.25,194.3125,220.875,172.0,48.875,1034.375,48.5,0.3345225809113525,2017
7525.25,1059.0,335.5625,723.4375,4583.75,1204.0,108.875,125.1875,113.5,11.6875,881.75,11.9375,0.42859485858376,2017
4275.0,888.0,447.0,441.0,2544.0,334.0,0.0,130.0,130.0,0.0,913.0,0.0,0.4538107575707999,2018
3750.4375,620.3125,238.6875,381.625,2085.8125,489.5625,0.0,41.75,32.9375,8.8125,358.375,42.5625,0.2747067467644796,2018
5367.125,808.25,305.1875,503.0625,2928.75,956.8125,222.875,214.375,170.875,43.5,507.3125,48.5,0.3240218244761581,2018
7404.5625,1060.375,355.0,705.375,4427.0,1162.5,102.625,137.5,124.6875,12.8125,457.75,87.6875,0.44780737414719646,2018
4100.0,878.0,457.0,421.0,2465.0,366.0,0.0,104.0,104.0,0.0,540.0,0.0,0.4601888070871108,2019
3438.375,583.1875,208.125,375.0625,2023.3125,444.6875,7.375,48.1875,36.3125,11.875,345.0,41.3125,0.29402654021902386,2019
5315.5625,851.375,369.4375,481.9375,2852.3125,910.25,228.8125,266.6875,225.6875,41.0,458.375,61.0625,0.326315724752881,2019
7215.6875,1097.25,402.3125,694.9375,4291.3125,1108.0625,81.4375,161.8125,151.5,10.3125,280.25,127.6875,0.4450166880008717,2019
3844.0,812.0,422.0,390.0,2390.0,381.0,0.0,102.0,102.0,0.0,0.0,0.0,0.47330697332199495,2020
3238.5,555.5,193.1875,362.3125,1929.5,423.3125,13.3125,40.8125,31.0,9.8125,287.3125,61.5625,0.30727178085542195,2020
5278.75,877.625,387.875,489.75,2787.75,916.6875,246.4375,280.5,230.0,50.5,358.1875,64.375,0.38644113446277684,2020
7041.125,1081.1875,407.125,674.0625,4161.8125,1084.9375,93.0,160.125,154.0625,6.0625,15.5625,168.5625,0.45389395063989246,2020
4496.0,962.0,661.0,301.0,2464.0,333.0,0.0,151.0,151.0,0.0,0.0,0.0,0.46957554237808014,2021
3530.125,610.3125,256.4375,353.875,1951.375,466.0625,14.3125,84.6875,53.125,31.5625,687.875,68.8125,0.3438852683532347,2021
5783.6875,956.875,430.375,526.5,2890.5625,1091.625,273.25,334.125,265.8125,68.3125,136.125,76.0,0.40203233580823805,2021
7265.8125,1072.9375,406.5,666.4375,4159.6875,1166.1875,98.5,196.9375,159.0,37.9375,221.1875,235.6875,0.46732496591591227,2021
4245.0,997.0,579.0,418.0,2290.0,286.0,0.0,329.0,322.0,7.0,176.0,4.0,0.5601780147792754,2022
3429.3125,604.6875,263.3125,341.375,1859.1875,448.8125,36.375,89.25,59.875,29.375,702.625,77.75,0.5581805771442551,2022
5453.0,932.1875,415.625,516.5625,2779.875,902.75,227.8125,366.375,260.0,106.375,329.4375,100.5,0.6247130806385948,2022
7148.8125,1178.875,482.25,696.625,3946.125,1197.5,111.5625,230.0,187.125,42.875,456.0,292.6875,0.5867967989310314,2022
3993.0,971.0,552.0,419.0,2046.0,288.0,0.0,370.0,338.0,32.0,73.0,2.0,0.6237515327447218,2023
3378.0,631.5,278.9375,352.5625,1776.0625,433.1875,59.625,118.9375,81.75,37.1875,770.375,117.1875,0.5667449795816091,2023
5450.875,981.125,457.25,523.875,2675.5625,814.9375,284.0,452.875,311.9375,140.9375,550.375,128.125,0.614276599681889,2023
6980.4375,1254.1875,526.75,727.4375,3786.125,1155.75,140.8125,228.4375,198.4375,30.0,541.625,306.375,0.6124776647938658,2023
